CUSTOMER_ACCOUNT_NR_MASK,Baseline,RandomForest,GENDER,FAMILY_MEMBERS,SEG_LIFESTYLE_CD,SEG_LIFESTAGE_CD
37912.0,0.375,0.875,M,"(3, 8)",2,4
179359.0,0.42105263157894735,0.6842105263157895,M,"(3, 8)",2,4
295501.0,0.0,0.6666666666666666,F,"(3, 8)",2,4
396634.0,0.0,0.7272727272727273,F,"(3, 8)",2,4
423754.0,0.6,1.0,F,"(3, 8)",1,5
457300.0,0.17647058823529413,0.8823529411764706,F,"(3, 8)",3,4
681704.0,0.15384615384615385,0.38461538461538464,F,"(3, 8)",2,4
682808.0,0.575,0.825,F,"(3, 8)",3,4
731884.0,0.0,0.0,M,"(1, 2)",3,4
1051535.0,0.625,0.625,F,"(3, 8)",1,5
1072151.0,0.0,0.0,F,"(3, 8)",2,4
1119779.0,0.5714285714285714,0.5714285714285714,F,"(3, 8)",2,5
1133209.0,0.6666666666666666,0.8148148148148148,M,"(1, 2)",3,4
1515228.0,0.5217391304347826,0.782608695652174,F,"(3, 8)",2,4
1593868.0,0.75,0.75,F,"(3, 8)",1,5
1610551.0,0.5454545454545454,0.9090909090909091,F,"(3, 8)",2,5
1881021.0,0.0,0.5,F,"(3, 8)",2,5
1916490.0,0.5,0.8888888888888888,F,"(3, 8)",2,4
1965318.0,0.3548387096774194,0.7096774193548387,F,"(3, 8)",3,5
1981739.0,0.4444444444444444,0.8888888888888888,M,"(3, 8)",1,4
2003984.0,0.52,0.68,F,"(3, 8)",1,4
2010692.0,0.6363636363636364,0.8636363636363636,F,"(3, 8)",3,5
2021880.0,0.5652173913043478,0.9130434782608695,F,"(1, 2)",1,4
2109697.0,0.18181818181818182,0.6818181818181818,F,"(3, 8)",1,4
2129104.0,0.46153846153846156,0.9230769230769231,F,"(3, 8)",2,4
2381096.0,0.4166666666666667,0.8888888888888888,M,"(1, 2)",2,4
2455268.0,0.35,0.85,F,"(3, 8)",2,4
2523041.0,0.3076923076923077,0.8461538461538461,F,"(3, 8)",3,4
2659406.0,0.42105263157894735,0.7894736842105263,F,"(1, 2)",3,5
2789797.0,0.42857142857142855,0.7857142857142857,F,"(3, 8)",2,5
2849286.0,0.40540540540540543,0.918918918918919,F,"(1, 2)",1,5
2887859.0,0.25,0.5833333333333334,F,"(1, 2)",3,4
2890028.0,0.5,0.8,F,"(3, 8)",1,4
2903695.0,0.05263157894736842,0.6842105263157895,F,"(3, 8)",3,5
2945756.0,0.6,0.9333333333333333,F,"(3, 8)",2,4
3065245.0,0.625,0.75,F,"(3, 8)",2,4
3083880.0,0.1276595744680851,0.574468085106383,F,"(1, 2)",2,4
3117308.0,0.0,0.0,F,"(3, 8)",3,5
3194088.0,0.5714285714285714,0.9523809523809523,F,"(1, 2)",1,4
3418370.0,0.6666666666666666,0.8666666666666667,F,"(3, 8)",2,5
3454725.0,0.4482758620689655,0.7931034482758621,F,"(1, 2)",3,5
3472112.0,0.35,0.75,F,"(1, 2)",1,4
3475678.0,0.21739130434782608,0.5217391304347826,F,"(3, 8)",2,5
3590850.0,0.17142857142857143,0.8571428571428571,F,"(1, 2)",2,4
3611317.0,0.2,1.0,F,"(3, 8)",1,5
3700492.0,0.0,0.5882352941176471,F,"(3, 8)",2,4
4081943.0,0.7777777777777778,1.0,M,"(3, 8)",2,5
4092679.0,0.175,0.95,F,"(3, 8)",2,4
4095466.0,0.3225806451612903,0.7741935483870968,F,"(3, 8)",1,5
4210887.0,0.0,0.5555555555555556,F,"(1, 2)",1,4
4252015.0,0.3,0.8,M,"(1, 2)",2,5
4360222.0,0.4,0.8,F,"(3, 8)",1,4
4458410.0,0.8333333333333334,1.0,F,"(3, 8)",3,4
4502544.0,0.4375,0.875,F,"(3, 8)",2,4
4688795.0,0.5,0.7307692307692307,F,"(3, 8)",1,5
4820245.0,0.4444444444444444,0.8888888888888888,F,"(3, 8)",2,4
5055905.0,0.7037037037037037,0.9629629629629629,F,"(3, 8)",2,4
5070212.0,0.5769230769230769,0.8076923076923077,F,"(1, 2)",1,4
5079193.0,0.6363636363636364,0.9090909090909091,F,"(3, 8)",2,4
5090378.0,0.23076923076923078,0.7692307692307693,F,"(3, 8)",2,5
5230429.0,0.75,0.875,M,"(3, 8)",2,4
5349257.0,0.45714285714285713,0.8571428571428571,M,"(3, 8)",2,5
5486230.0,0.32,0.8,F,"(3, 8)",1,5
5518229.0,0.6666666666666666,0.9166666666666666,F,"(1, 2)",2,4
5828081.0,0.2857142857142857,0.7142857142857143,F,"(3, 8)",1,4
5834654.0,0.34285714285714286,0.9428571428571428,F,"(3, 8)",2,4
5837307.0,0.058823529411764705,0.5882352941176471,F,"(3, 8)",2,5
5900481.0,0.4411764705882353,0.8235294117647058,F,"(1, 2)",1,4
5926514.0,0.4375,0.8125,M,"(1, 2)",1,5
5932760.0,0.0,0.8,F,"(3, 8)",1,5
5962226.0,0.05,0.55,F,"(1, 2)",1,4
6164386.0,0.6896551724137931,0.896551724137931,F,"(1, 2)",2,4
6227527.0,0.0,0.8,M,"(3, 8)",1,5
6244357.0,0.5,0.9,F,"(3, 8)",2,4
6347907.0,0.5,0.9,F,"(3, 8)",3,4
6554495.0,0.5853658536585366,0.7804878048780488,F,"(3, 8)",2,5
6589303.0,0.2727272727272727,0.7272727272727273,M,"(3, 8)",1,4
6625496.0,0.0,1.0,F,"(3, 8)",1,4
6645683.0,0.375,1.0,F,"(1, 2)",2,5
6867147.0,0.26666666666666666,0.8666666666666667,F,"(3, 8)",2,4
6946384.0,0.5526315789473685,0.9736842105263158,M,"(1, 2)",3,4
7117945.0,0.2857142857142857,0.42857142857142855,M,"(3, 8)",2,5
7125823.0,0.3157894736842105,0.7368421052631579,F,"(1, 2)",1,4
7152560.0,0.42105263157894735,1.0,M,"(1, 2)",1,4
7193509.0,0.5294117647058824,0.9117647058823529,M,"(3, 8)",1,4
7248545.0,0.75,1.0,F,"(3, 8)",1,5
7395471.0,0.2,0.7,F,"(3, 8)",2,4
7754367.0,0.23529411764705882,0.6470588235294118,F,"(1, 2)",1,5
7774258.0,0.4166666666666667,0.75,F,"(3, 8)",1,5
7923839.0,0.8461538461538461,1.0,M,"(1, 2)",1,5
7943400.0,0.5517241379310345,0.896551724137931,F,"(3, 8)",2,4
7954243.0,0.7407407407407407,0.8518518518518519,F,"(3, 8)",2,5
8063255.0,0.5,1.0,M,"(1, 2)",1,5
8128139.0,0.4838709677419355,0.8709677419354839,F,"(1, 2)",1,4
8233719.0,0.6666666666666666,1.0,F,"(3, 8)",2,4
8406386.0,0.5,0.7857142857142857,F,"(1, 2)",1,4
8587555.0,0.45454545454545453,0.9090909090909091,F,"(3, 8)",2,4
8607458.0,0.3076923076923077,0.6153846153846154,F,"(3, 8)",2,4
8615531.0,0.06666666666666667,0.6666666666666666,F,"(1, 2)",2,4
8736972.0,0.3333333333333333,0.6666666666666666,M,"(1, 2)",1,4
9007266.0,0.3548387096774194,0.9354838709677419,F,"(3, 8)",3,4
9059566.0,0.13043478260869565,0.6086956521739131,F,"(3, 8)",1,4
9139989.0,0.4782608695652174,0.6956521739130435,F,"(3, 8)",1,4
9155436.0,0.0,0.4,F,"(3, 8)",2,4
9274130.0,0.5555555555555556,0.8888888888888888,M,"(3, 8)",2,4
9279821.0,0.6666666666666666,0.875,F,"(3, 8)",3,5
9298060.0,0.5555555555555556,0.8333333333333334,F,"(3, 8)",1,5
9303140.0,0.5,0.8181818181818182,F,"(1, 2)",1,5
9335132.0,0.375,0.8333333333333334,M,"(1, 2)",2,4
9354586.0,0.15384615384615385,0.9230769230769231,M,"(3, 8)",2,4
9482519.0,0.6818181818181818,0.7727272727272727,F,"(1, 2)",2,4
9493177.0,0.6486486486486487,0.9459459459459459,F,"(3, 8)",1,4
9529316.0,0.4864864864864865,0.8918918918918919,F,"(1, 2)",1,5
9574087.0,0.1935483870967742,0.8709677419354839,F,"(3, 8)",2,4
9749751.0,0.6428571428571429,0.8571428571428571,F,"(1, 2)",3,4
9758155.0,0.64,1.0,M,"(3, 8)",2,5
9805405.0,0.3076923076923077,0.7692307692307693,F,"(1, 2)",1,5
9832521.0,0.2916666666666667,0.7083333333333334,F,"(1, 2)",2,5
9842261.0,0.35,0.9,F,"(3, 8)",2,4
10105631.0,0.3333333333333333,0.6666666666666666,M,"(1, 2)",1,4
10139080.0,0.24,0.68,F,"(3, 8)",1,4
10257405.0,0.5454545454545454,0.9090909090909091,M,"(3, 8)",3,5
10532324.0,0.42857142857142855,0.8571428571428571,F,"(3, 8)",3,4
10640319.0,0.1724137931034483,0.7758620689655172,M,"(1, 2)",1,5
10801631.0,0.13333333333333333,0.8666666666666667,F,"(3, 8)",1,5
10894040.0,0.5,0.8333333333333334,F,"(1, 2)",1,5
10894888.0,0.16216216216216217,0.7837837837837838,F,"(3, 8)",1,5
10900743.0,0.16666666666666666,0.16666666666666666,M,"(1, 2)",3,5
10911303.0,0.5918367346938775,0.9183673469387755,F,"(3, 8)",2,4
10925652.0,0.2608695652173913,0.6956521739130435,F,"(3, 8)",1,5
11172871.0,0.45454545454545453,0.6363636363636364,F,"(3, 8)",2,4
11257237.0,0.6458333333333334,0.9583333333333334,M,"(1, 2)",3,5
11627871.0,0.25,0.8125,F,"(3, 8)",2,4
11729338.0,0.6363636363636364,0.8181818181818182,F,"(3, 8)",3,4
11779601.0,0.4722222222222222,0.8888888888888888,F,"(3, 8)",1,4
11852324.0,0.38461538461538464,0.38461538461538464,F,"(3, 8)",1,5
11912555.0,0.2857142857142857,0.9523809523809523,F,"(1, 2)",1,4
12078622.0,0.6842105263157895,0.9473684210526315,F,"(1, 2)",2,4
12120644.0,0.6037735849056604,0.8490566037735849,F,"(1, 2)",1,4
12167956.0,0.64,0.92,M,"(3, 8)",1,5
12177802.0,0.4642857142857143,0.8928571428571429,F,"(1, 2)",1,5
12223508.0,0.2926829268292683,0.7804878048780488,F,"(3, 8)",2,4
12237973.0,0.6521739130434783,0.782608695652174,F,"(3, 8)",1,5
12257542.0,0.0,0.8,F,"(3, 8)",1,4
12276650.0,0.6153846153846154,0.6153846153846154,F,"(3, 8)",3,5
12504304.0,1.0,1.0,F,"(1, 2)",2,5
12515785.0,0.6666666666666666,0.8484848484848485,F,"(3, 8)",3,4
12845306.0,0.375,0.6666666666666666,F,"(3, 8)",2,4
12871209.0,0.30434782608695654,0.7391304347826086,F,"(3, 8)",1,4
12962537.0,0.3125,0.5625,M,"(1, 2)",2,5
12980036.0,0.5238095238095238,0.7619047619047619,M,"(3, 8)",3,5
12980061.0,0.043478260869565216,0.9565217391304348,M,"(1, 2)",3,4
13025896.0,0.4,0.85,M,"(3, 8)",1,5
13031606.0,0.23809523809523808,0.7857142857142857,M,"(1, 2)",1,4
13046181.0,0.5,0.9166666666666666,F,"(3, 8)",1,5
13048293.0,0.5,0.9,F,"(3, 8)",1,5
13070182.0,0.27586206896551724,0.896551724137931,F,"(3, 8)",2,4
13248069.0,0.0,0.6666666666666666,F,"(3, 8)",3,5
13283749.0,0.32,0.68,M,"(3, 8)",1,5
13337486.0,0.0,0.0,F,"(3, 8)",2,4
13363691.0,0.6,0.8666666666666667,F,"(1, 2)",2,5
13376772.0,0.2982456140350877,0.9122807017543859,F,"(1, 2)",2,4
18885480.0,0.3333333333333333,0.8,F,"(1, 2)",2,4
18893240.0,0.5,0.7777777777777778,F,"(3, 8)",3,5
18910735.0,0.2857142857142857,0.5714285714285714,F,"(3, 8)",2,5
18915996.0,0.8333333333333334,1.0,M,"(3, 8)",2,4
18917984.0,0.5714285714285714,0.8571428571428571,F,"(1, 2)",2,4
18926713.0,0.2,0.4,F,"(3, 8)",3,4
18933798.0,0.4,0.9,F,"(3, 8)",2,5
18939620.0,0.4166666666666667,0.8055555555555556,F,"(3, 8)",1,4
18949341.0,0.42857142857142855,0.8571428571428571,F,"(3, 8)",1,5
18970164.0,0.9,0.95,M,"(3, 8)",2,4
18974058.0,0.7142857142857143,0.8571428571428571,F,"(3, 8)",2,4
18979272.0,0.5,0.8846153846153846,M,"(3, 8)",1,5
19000317.0,0.5714285714285714,0.8571428571428571,F,"(3, 8)",2,4
19006325.0,0.4444444444444444,0.8888888888888888,F,"(3, 8)",1,4
19031006.0,0.25,0.625,F,"(1, 2)",1,5
19063947.0,0.5384615384615384,0.6923076923076923,F,"(3, 8)",2,5
19065018.0,0.5555555555555556,0.8888888888888888,F,"(1, 2)",1,5
19081325.0,0.0,0.8571428571428571,F,"(3, 8)",1,4
19111769.0,0.3333333333333333,0.6666666666666666,F,"(3, 8)",1,5
19113568.0,0.0,0.0,F,"(1, 2)",2,4
19143595.0,0.4883720930232558,0.8372093023255814,F,"(1, 2)",1,4
19185625.0,0.88,0.88,F,"(1, 2)",3,4
19190685.0,0.0,0.0,F,"(1, 2)",1,4
19204079.0,0.0,0.0,F,"(3, 8)",2,5
19210009.0,0.5,0.625,F,"(3, 8)",3,4
19211739.0,0.8409090909090909,0.9545454545454546,F,"(3, 8)",2,5
19228548.0,0.5384615384615384,0.6153846153846154,M,"(3, 8)",3,4
19230069.0,0.3333333333333333,0.8888888888888888,F,"(1, 2)",1,5
19243178.0,0.0,0.0,F,"(3, 8)",3,4
19262813.0,0.1,0.5,F,"(1, 2)",1,5
19274514.0,0.047619047619047616,0.5238095238095238,F,"(3, 8)",1,4
19286793.0,0.25,0.875,F,"(3, 8)",1,4
19317441.0,0.6410256410256411,0.8974358974358975,F,"(3, 8)",3,4
19337241.0,0.7741935483870968,0.967741935483871,F,"(3, 8)",2,4
19341334.0,0.0,0.0,F,"(1, 2)",3,5
19342043.0,0.42105263157894735,0.6842105263157895,F,"(3, 8)",3,4
19342312.0,0.6590909090909091,1.0,F,"(1, 2)",2,4
19361406.0,0.4666666666666667,0.9333333333333333,M,"(3, 8)",2,4
19383196.0,0.375,0.875,F,"(1, 2)",3,5
19394771.0,0.2222222222222222,0.7222222222222222,F,"(1, 2)",3,4
19398541.0,0.0,0.0,F,"(1, 2)",2,5
19437256.0,0.6666666666666666,0.75,F,"(3, 8)",2,5
19441686.0,0.0,0.14285714285714285,M,"(3, 8)",3,4
19454531.0,0.0,0.0,M,"(3, 8)",3,5
19480086.0,0.40540540540540543,0.8648648648648649,F,"(3, 8)",2,4
19489701.0,0.6071428571428571,0.9642857142857143,F,"(3, 8)",3,5
19514535.0,0.45,0.825,F,"(1, 2)",3,4
19523710.0,0.6451612903225806,0.967741935483871,F,"(3, 8)",1,4
19529623.0,0.2962962962962963,0.7777777777777778,F,"(3, 8)",1,4
19546916.0,0.14705882352941177,0.8529411764705882,F,"(3, 8)",3,4
19572027.0,0.5789473684210527,0.7894736842105263,F,"(3, 8)",1,4
19575323.0,0.2037037037037037,0.7962962962962963,F,"(1, 2)",1,5
19575511.0,0.625,0.875,M,"(1, 2)",2,4
19582754.0,0.26666666666666666,0.9333333333333333,F,"(3, 8)",1,5
19586197.0,0.6,0.88,F,"(3, 8)",1,5
19589390.0,0.3333333333333333,0.7777777777777778,F,"(3, 8)",3,4
19593919.0,0.4583333333333333,0.7083333333333334,F,"(3, 8)",1,5
19595267.0,0.14285714285714285,0.5238095238095238,F,"(3, 8)",2,5
19620636.0,0.48484848484848486,0.8787878787878788,F,"(3, 8)",1,5
19633437.0,0.3611111111111111,0.8611111111111112,F,"(3, 8)",1,4
19635030.0,0.4,0.8,F,"(3, 8)",1,5
25527026.0,0.6097560975609756,0.8780487804878049,F,"(3, 8)",2,4
25616425.0,0.696969696969697,0.9090909090909091,F,"(1, 2)",2,4
25624350.0,0.21428571428571427,0.7857142857142857,F,"(3, 8)",1,4
25797019.0,0.5365853658536586,0.8536585365853658,F,"(3, 8)",1,5
25819293.0,0.09090909090909091,0.6363636363636364,M,"(1, 2)",2,4
25879492.0,0.38461538461538464,0.8846153846153846,M,"(1, 2)",1,4
25900167.0,0.0,1.0,F,"(1, 2)",3,4
26252886.0,0.2222222222222222,0.7777777777777778,F,"(1, 2)",1,5
26253630.0,0.3157894736842105,0.7894736842105263,F,"(3, 8)",3,5
26258025.0,0.1111111111111111,0.2222222222222222,F,"(3, 8)",2,5
26269376.0,0.4666666666666667,0.8888888888888888,F,"(3, 8)",1,5
26269953.0,0.19230769230769232,0.6153846153846154,F,"(1, 2)",2,4
26296755.0,0.2222222222222222,0.6666666666666666,F,"(1, 2)",1,5
26305411.0,0.3333333333333333,0.6666666666666666,F,"(1, 2)",2,4
26306475.0,0.42105263157894735,0.42105263157894735,F,"(3, 8)",3,5
26322109.0,0.5294117647058824,0.8235294117647058,F,"(3, 8)",1,4
26344568.0,0.2857142857142857,0.5,F,"(3, 8)",2,5
26346002.0,0.5217391304347826,0.8695652173913043,M,"(3, 8)",2,4
26364901.0,0.5,1.0,M,"(1, 2)",1,5
26378476.0,0.40625,0.78125,F,"(1, 2)",1,4
26387868.0,0.14705882352941177,0.7647058823529411,F,"(1, 2)",1,4
26390959.0,0.4782608695652174,0.8478260869565217,M,"(1, 2)",1,4
26400080.0,0.4,1.0,F,"(1, 2)",1,4
26400246.0,0.0,0.058823529411764705,F,"(1, 2)",2,4
26402016.0,0.8611111111111112,0.9444444444444444,F,"(1, 2)",3,4
26460149.0,0.2,0.6666666666666666,F,"(1, 2)",1,5
26475795.0,0.3333333333333333,0.7777777777777778,M,"(3, 8)",1,5
26489265.0,0.6428571428571429,0.7857142857142857,F,"(3, 8)",2,4
26491740.0,0.3076923076923077,0.7692307692307693,F,"(3, 8)",1,4
26495222.0,0.5833333333333334,0.9166666666666666,F,"(3, 8)",1,4
26502467.0,0.5111111111111111,0.8222222222222222,F,"(3, 8)",1,4
26502565.0,0.36666666666666664,0.8333333333333334,F,"(3, 8)",1,5
26513012.0,0.2222222222222222,0.3333333333333333,F,"(1, 2)",1,5
26513514.0,0.07692307692307693,0.8461538461538461,F,"(1, 2)",2,4
26513722.0,0.11764705882352941,0.7941176470588235,M,"(3, 8)",1,4
26518495.0,0.2857142857142857,0.8571428571428571,F,"(3, 8)",2,4
26518659.0,0.22580645161290322,0.6774193548387096,F,"(3, 8)",2,4
26521517.0,0.4166666666666667,0.4166666666666667,F,"(3, 8)",1,5
26522464.0,0.6666666666666666,0.8333333333333334,M,"(1, 2)",2,4
26535189.0,0.7619047619047619,0.9523809523809523,F,"(3, 8)",2,4
26544416.0,0.0,0.0,M,"(3, 8)",1,5
26569507.0,0.125,0.4375,M,"(1, 2)",1,5
26578057.0,0.18181818181818182,0.7272727272727273,F,"(1, 2)",3,4
26585161.0,0.0,0.75,F,"(1, 2)",1,4
26589462.0,0.5,0.71875,M,"(1, 2)",1,5
26589534.0,0.43478260869565216,0.8260869565217391,F,"(1, 2)",1,5
26600478.0,0.6,0.9,F,"(1, 2)",1,5
26601946.0,0.5853658536585366,0.8780487804878049,F,"(3, 8)",1,5
26618701.0,0.4444444444444444,0.7777777777777778,F,"(3, 8)",2,5
29276526.0,0.6341463414634146,0.8780487804878049,F,"(3, 8)",1,4
29284158.0,0.34782608695652173,0.782608695652174,F,"(3, 8)",2,5
29304039.0,0.56,0.72,M,"(3, 8)",2,5
29313565.0,0.375,0.71875,F,"(1, 2)",3,4
29321769.0,0.09375,0.78125,F,"(1, 2)",2,4
29337923.0,0.0,1.0,M,"(3, 8)",3,5
29347236.0,0.2647058823529412,0.7352941176470589,F,"(3, 8)",2,4
29365545.0,0.6875,0.9375,F,"(1, 2)",1,4
29380088.0,0.5416666666666666,0.9166666666666666,F,"(3, 8)",2,4
29406267.0,0.23076923076923078,0.6153846153846154,F,"(3, 8)",1,5
29416697.0,0.68,1.0,F,"(3, 8)",2,4
29430523.0,0.0,0.0,M,"(1, 2)",2,4
29453248.0,0.23076923076923078,0.6923076923076923,F,"(3, 8)",3,4
29468396.0,0.25,0.6875,F,"(1, 2)",1,5
29468484.0,0.25,0.75,F,"(3, 8)",2,5
29480655.0,0.5833333333333334,0.9166666666666666,F,"(1, 2)",1,4
34567526.0,0.19047619047619047,0.7619047619047619,F,"(1, 2)",1,5
34571275.0,0.2857142857142857,0.7619047619047619,F,"(3, 8)",3,5
34586076.0,0.7272727272727273,0.9090909090909091,M,"(1, 2)",2,5
34586106.0,0.75,1.0,F,"(1, 2)",1,4
34610793.0,0.5882352941176471,0.7647058823529411,F,"(1, 2)",3,5
34614938.0,0.2,0.6,F,"(1, 2)",1,5
34640970.0,0.6363636363636364,0.9090909090909091,M,"(1, 2)",1,5
34641300.0,0.4583333333333333,0.7916666666666666,F,"(1, 2)",1,4
34725020.0,0.3333333333333333,1.0,F,"(3, 8)",1,4
34732848.0,0.2857142857142857,0.5714285714285714,M,"(3, 8)",1,5
34761632.0,0.41379310344827586,0.7586206896551724,M,"(1, 2)",3,4
34764938.0,0.6206896551724138,0.7931034482758621,M,"(3, 8)",1,4
34765018.0,0.4318181818181818,0.8636363636363636,F,"(3, 8)",2,4
34775748.0,0.09090909090909091,0.5454545454545454,F,"(1, 2)",3,5
34800212.0,0.5652173913043478,0.9130434782608695,F,"(3, 8)",2,4
34811172.0,0.0,1.0,F,"(1, 2)",1,4
34813125.0,0.5490196078431373,0.9019607843137255,M,"(1, 2)",2,4
34829163.0,0.43243243243243246,0.8108108108108109,M,"(1, 2)",2,4
34849271.0,0.0,0.0,M,"(3, 8)",2,5
34869011.0,0.5454545454545454,0.9090909090909091,F,"(3, 8)",2,4
34880990.0,0.5897435897435898,0.8205128205128205,F,"(1, 2)",1,5
34900016.0,0.48148148148148145,0.8518518518518519,F,"(3, 8)",2,4
34921742.0,0.0,0.5,M,"(3, 8)",1,5
34925450.0,0.14285714285714285,0.7142857142857143,M,"(1, 2)",1,5
34939564.0,0.65625,0.84375,M,"(3, 8)",1,4
34946074.0,0.6666666666666666,1.0,F,"(1, 2)",1,4
34950147.0,0.6363636363636364,0.8484848484848485,F,"(3, 8)",3,5
34959503.0,0.5833333333333334,0.9583333333333334,F,"(1, 2)",1,5
34983607.0,0.5454545454545454,0.8636363636363636,F,"(3, 8)",1,5
34992565.0,0.375,0.75,F,"(3, 8)",2,5
35005435.0,0.4,0.45,M,"(1, 2)",3,5
35006354.0,0.45454545454545453,0.9696969696969697,F,"(1, 2)",1,4
35019444.0,0.0,0.0,M,"(1, 2)",1,4
35027402.0,0.6470588235294118,0.8823529411764706,F,"(1, 2)",1,5
35032328.0,0.6190476190476191,0.8095238095238095,M,"(3, 8)",1,5
35094713.0,0.5238095238095238,0.8571428571428571,F,"(3, 8)",1,5
35101316.0,0.5714285714285714,1.0,F,"(3, 8)",3,5
35103099.0,0.25,0.5,F,"(1, 2)",1,5
35122644.0,0.6388888888888888,0.8611111111111112,F,"(3, 8)",1,5
35132468.0,0.15384615384615385,0.6538461538461539,F,"(1, 2)",1,5
35136756.0,0.5,0.7777777777777778,F,"(1, 2)",1,4
35140443.0,0.45,0.85,F,"(3, 8)",1,5
35142649.0,0.4426229508196721,0.8360655737704918,M,"(3, 8)",2,4
35185758.0,0.23529411764705882,0.5882352941176471,F,"(3, 8)",3,5
35203400.0,0.4375,0.8125,M,"(1, 2)",1,4
35231900.0,0.08333333333333333,0.4166666666666667,M,"(1, 2)",1,5
35232883.0,0.0,0.0,F,"(3, 8)",1,5
35238063.0,0.8181818181818182,1.0,F,"(1, 2)",1,4
35255400.0,0.18181818181818182,0.5454545454545454,F,"(1, 2)",2,4
35268006.0,0.6176470588235294,0.9705882352941176,F,"(1, 2)",1,4
35300245.0,0.3170731707317073,0.7073170731707317,F,"(1, 2)",2,4
35300600.0,0.0,0.0,F,"(1, 2)",1,4
35302000.0,0.19230769230769232,0.8846153846153846,F,"(1, 2)",2,4
35329337.0,0.1111111111111111,0.2222222222222222,M,"(3, 8)",1,4
39589733.0,0.3939393939393939,0.8181818181818182,M,"(1, 2)",2,5
39592340.0,0.16666666666666666,0.7777777777777778,F,"(3, 8)",3,5
39630514.0,0.5555555555555556,0.7777777777777778,F,"(1, 2)",1,5
39633120.0,0.5,0.8076923076923077,F,"(1, 2)",3,4
39661494.0,0.37037037037037035,0.8148148148148148,F,"(3, 8)",3,4
39674683.0,0.6333333333333333,0.9,F,"(3, 8)",1,5
39680217.0,0.5333333333333333,0.8666666666666667,F,"(1, 2)",1,5
39733671.0,0.2727272727272727,0.7272727272727273,F,"(3, 8)",1,5
39736627.0,0.3684210526315789,0.42105263157894735,F,"(3, 8)",1,4
39741603.0,0.7407407407407407,0.8518518518518519,M,"(3, 8)",2,4
39748303.0,0.3888888888888889,0.8333333333333334,M,"(1, 2)",1,4
39756194.0,0.41935483870967744,0.8387096774193549,M,"(3, 8)",1,4
39776678.0,0.3333333333333333,0.9090909090909091,M,"(1, 2)",1,4
39808384.0,0.25,0.5,F,"(3, 8)",1,5
39820803.0,0.0,0.0,F,"(3, 8)",1,5
39823522.0,0.11764705882352941,0.5294117647058824,M,"(1, 2)",1,5
39824254.0,0.26666666666666666,0.8,F,"(1, 2)",1,5
39847892.0,0.7058823529411765,0.8235294117647058,M,"(3, 8)",1,4
39848592.0,0.09090909090909091,0.8181818181818182,F,"(3, 8)",1,5
39850588.0,0.6666666666666666,0.9333333333333333,M,"(3, 8)",1,4
39854202.0,0.0,0.0,F,"(3, 8)",1,5
39858422.0,0.6,0.8333333333333334,F,"(1, 2)",1,5
39860814.0,0.024390243902439025,0.8048780487804879,F,"(3, 8)",3,4
39936339.0,0.4444444444444444,1.0,F,"(1, 2)",3,4
39973308.0,0.2,0.8,F,"(1, 2)",1,5
39977619.0,0.45454545454545453,0.7272727272727273,F,"(3, 8)",2,4
39981995.0,0.0,0.4444444444444444,F,"(3, 8)",3,4
39994483.0,0.5588235294117647,1.0,F,"(3, 8)",2,4
39999611.0,1.0,1.0,M,"(3, 8)",2,5
40022328.0,0.6111111111111112,0.8888888888888888,F,"(3, 8)",3,5
40023054.0,0.7586206896551724,0.896551724137931,F,"(3, 8)",2,4
40053636.0,0.2,0.7333333333333333,M,"(1, 2)",1,5
40070326.0,0.6363636363636364,0.9393939393939394,F,"(1, 2)",3,4
40084053.0,0.15384615384615385,0.6923076923076923,F,"(1, 2)",3,4
40097852.0,0.48,0.84,F,"(3, 8)",1,5
40108582.0,0.0,0.0,M,"(3, 8)",2,5
40169462.0,0.25,0.625,F,"(3, 8)",2,5
40182046.0,0.6470588235294118,0.7352941176470589,F,"(3, 8)",2,4
40196046.0,0.0,0.0,F,"(3, 8)",2,5
40215452.0,0.12903225806451613,0.6451612903225806,F,"(1, 2)",3,4
40223973.0,0.5476190476190477,0.8809523809523809,F,"(3, 8)",2,4
40226426.0,0.36,0.76,M,"(1, 2)",3,5
40232464.0,0.0,0.3076923076923077,F,"(1, 2)",3,5
40232955.0,0.7333333333333333,0.9666666666666667,F,"(1, 2)",1,5
40248047.0,0.5161290322580645,0.7741935483870968,F,"(1, 2)",2,4
40254248.0,0.3,0.65,M,"(1, 2)",2,5
40270915.0,0.5862068965517241,0.896551724137931,F,"(3, 8)",2,4
40288817.0,0.3076923076923077,0.46153846153846156,F,"(3, 8)",1,5
40292044.0,0.34375,0.65625,F,"(1, 2)",1,5
40304196.0,0.2,0.7333333333333333,F,"(1, 2)",2,4
40308501.0,0.68,0.88,F,"(3, 8)",1,4
40326822.0,0.18181818181818182,0.5454545454545454,F,"(3, 8)",2,5
40347802.0,0.1111111111111111,0.5555555555555556,M,"(3, 8)",1,4
40348254.0,0.5789473684210527,0.868421052631579,F,"(1, 2)",3,4
40350785.0,0.4,0.75,F,"(1, 2)",1,4
50282366.0,0.7,1.0,M,"(3, 8)",2,5
50514112.0,0.0,0.0,F,"(3, 8)",2,4
50728612.0,0.3888888888888889,0.8333333333333334,F,"(3, 8)",3,5
50745069.0,0.0,0.0,F,"(3, 8)",2,4
50800943.0,0.5,0.875,M,"(1, 2)",2,4
50836946.0,0.7058823529411765,1.0,M,"(3, 8)",1,5
50849946.0,0.0,0.0,F,"(1, 2)",3,5
50967359.0,0.75,0.75,F,"(3, 8)",3,4
51078948.0,0.2631578947368421,0.7368421052631579,M,"(3, 8)",2,5
51101589.0,0.25,0.75,M,"(1, 2)",2,4
51136114.0,0.3225806451612903,0.8387096774193549,M,"(3, 8)",1,5
51136225.0,0.0,0.0,M,"(1, 2)",1,4
51274788.0,0.2,0.8,F,"(3, 8)",1,5
51327660.0,0.5,1.0,M,"(3, 8)",2,4
51349560.0,0.3142857142857143,0.7428571428571429,F,"(1, 2)",1,5
51376374.0,0.6595744680851063,0.9574468085106383,M,"(1, 2)",1,4
51480876.0,0.1794871794871795,0.5384615384615384,M,"(3, 8)",2,5
53499938.0,0.5238095238095238,0.7619047619047619,F,"(3, 8)",1,5
53814005.0,0.4482758620689655,0.8620689655172413,M,"(1, 2)",1,4
54246765.0,0.16666666666666666,0.6666666666666666,M,"(3, 8)",2,5
54706275.0,0.3225806451612903,0.7096774193548387,M,"(3, 8)",2,4
55031571.0,0.5,0.875,F,"(3, 8)",3,4
58104487.0,0.3220338983050847,0.7457627118644068,F,"(1, 2)",1,5
58112970.0,0.4375,0.75,M,"(1, 2)",3,5
58113416.0,0.48,0.84,M,"(3, 8)",3,4
58139794.0,1.0,1.0,F,"(3, 8)",1,4
58149188.0,0.25,0.95,F,"(1, 2)",4,4
58156906.0,0.5909090909090909,0.8636363636363636,M,"(3, 8)",1,5
58156989.0,0.5,0.9166666666666666,F,"(1, 2)",4,5
58157344.0,0.6538461538461539,0.8076923076923077,M,"(3, 8)",1,5
58158708.0,0.8095238095238095,0.9523809523809523,F,"(3, 8)",2,4
58160608.0,0.16,0.84,F,"(3, 8)",2,5
58180839.0,0.4117647058823529,0.8235294117647058,M,"(3, 8)",2,5
58186213.0,0.25,0.7142857142857143,F,"(1, 2)",1,5
58192769.0,0.0,0.0,M,"(3, 8)",2,4
58196114.0,0.46153846153846156,0.6153846153846154,M,"(1, 2)",1,5
58196507.0,0.3333333333333333,0.7083333333333334,F,"(3, 8)",1,4
58208210.0,0.6296296296296297,0.9629629629629629,F,"(1, 2)",1,5
58226070.0,0.05,0.7,M,"(1, 2)",1,4
58226234.0,0.5,1.0,M,"(3, 8)",1,5
58228524.0,0.0,0.2903225806451613,M,"(3, 8)",1,4
58270167.0,0.0,0.0,F,"(3, 8)",3,4
58277118.0,0.5333333333333333,0.9333333333333333,F,"(3, 8)",1,5
58277624.0,0.1,0.55,F,"(1, 2)",2,4
58283898.0,0.0,0.6470588235294118,F,"(1, 2)",1,4
58284638.0,0.0,0.375,F,"(3, 8)",3,4
58302844.0,0.5357142857142857,0.8214285714285714,M,"(3, 8)",1,5
58316009.0,0.14285714285714285,0.7142857142857143,M,"(1, 2)",1,5
58316652.0,0.391304347826087,0.6086956521739131,M,"(3, 8)",3,5
58329048.0,0.25,0.8055555555555556,M,"(3, 8)",3,4
58332519.0,0.8181818181818182,1.0,M,"(1, 2)",3,4
58344588.0,0.7380952380952381,0.9285714285714286,M,"(1, 2)",1,4
58356243.0,0.45,0.875,F,"(3, 8)",1,4
58360541.0,0.325,0.975,M,"(3, 8)",1,4
58367546.0,0.6111111111111112,0.7222222222222222,F,"(1, 2)",1,4
58367725.0,0.4444444444444444,0.7777777777777778,M,"(3, 8)",2,4
58375677.0,0.0,0.0,M,"(3, 8)",2,5
58383372.0,0.6111111111111112,0.8333333333333334,M,"(1, 2)",3,5
58385128.0,0.4146341463414634,0.9024390243902439,F,"(1, 2)",2,4
58388130.0,0.5,0.85,F,"(1, 2)",2,5
58388694.0,0.25,0.75,M,"(1, 2)",2,5
58392459.0,0.0,0.0,M,"(1, 2)",3,5
58407838.0,0.7391304347826086,1.0,F,"(1, 2)",2,4
58416269.0,0.0,0.0,F,"(3, 8)",2,5
58441256.0,0.6,0.85,M,"(1, 2)",2,4
58447894.0,0.23809523809523808,0.5714285714285714,M,"(1, 2)",1,5
58455302.0,0.4166666666666667,0.8333333333333334,F,"(1, 2)",2,4
58459782.0,0.5769230769230769,0.8461538461538461,F,"(1, 2)",1,5
58475510.0,0.7741935483870968,0.9354838709677419,M,"(3, 8)",3,5
58480922.0,0.0,0.7777777777777778,M,"(1, 2)",2,5
58495505.0,0.6666666666666666,0.8571428571428571,F,"(1, 2)",1,4
58496620.0,0.0,0.0,M,"(1, 2)",2,5
58508502.0,0.43478260869565216,0.7391304347826086,F,"(3, 8)",3,4
58513193.0,0.5,0.8571428571428571,F,"(1, 2)",1,5
58516324.0,0.3488372093023256,0.7441860465116279,F,"(1, 2)",1,4
58523802.0,0.6363636363636364,0.8181818181818182,F,"(1, 2)",1,5
58524204.0,0.4666666666666667,0.8,F,"(1, 2)",1,4
59670237.0,0.15151515151515152,0.696969696969697,F,"(1, 2)",2,4
59682382.0,0.40384615384615385,0.7307692307692307,F,"(3, 8)",2,4
59687794.0,0.6666666666666666,0.9696969696969697,F,"(1, 2)",1,4
59699781.0,0.36,0.88,F,"(3, 8)",1,5
59702734.0,0.2727272727272727,0.7272727272727273,F,"(1, 2)",2,5
59712747.0,0.5217391304347826,0.8695652173913043,F,"(3, 8)",1,4
59728494.0,0.2647058823529412,0.8529411764705882,M,"(3, 8)",1,4
59729184.0,0.4444444444444444,0.7777777777777778,F,"(1, 2)",2,4
59739148.0,0.4722222222222222,0.8611111111111112,F,"(3, 8)",2,4
59760632.0,0.26666666666666666,0.7333333333333333,F,"(3, 8)",1,4
59768083.0,0.38181818181818183,0.7636363636363637,F,"(3, 8)",2,4
59778528.0,0.5925925925925926,0.8518518518518519,M,"(1, 2)",3,4
59779125.0,0.8181818181818182,0.9090909090909091,M,"(1, 2)",1,4
59779535.0,0.0,0.0,F,"(3, 8)",3,5
59782362.0,0.5,0.8653846153846154,F,"(3, 8)",3,4
59806333.0,0.5263157894736842,0.6842105263157895,F,"(1, 2)",2,4
59817860.0,0.5238095238095238,0.8095238095238095,F,"(1, 2)",1,5
59839642.0,0.3333333333333333,0.8333333333333334,F,"(1, 2)",1,5
59844166.0,0.25,0.625,M,"(3, 8)",2,5
59847659.0,0.7,0.8,M,"(3, 8)",2,4
59852517.0,0.45454545454545453,0.7954545454545454,M,"(3, 8)",1,4
59884707.0,0.14285714285714285,0.5714285714285714,M,"(1, 2)",1,4
59891701.0,0.6222222222222222,0.9111111111111111,F,"(1, 2)",1,5
59897913.0,0.0,0.0,F,"(3, 8)",3,4
59920428.0,0.7692307692307693,1.0,F,"(3, 8)",1,5
59924568.0,0.3333333333333333,0.7777777777777778,M,"(3, 8)",2,4
59925221.0,0.35,0.875,F,"(1, 2)",1,5
59955036.0,0.7272727272727273,0.9090909090909091,F,"(1, 2)",2,5
59956735.0,0.2,0.8,F,"(1, 2)",1,5
59965372.0,0.5833333333333334,0.7916666666666666,F,"(1, 2)",2,4
59965529.0,0.9230769230769231,0.9230769230769231,F,"(1, 2)",1,5
59967820.0,0.7317073170731707,0.8536585365853658,F,"(3, 8)",1,5
59976140.0,0.7297297297297297,0.9459459459459459,F,"(3, 8)",3,5
59981970.0,0.3333333333333333,0.9166666666666666,F,"(1, 2)",2,4
59986777.0,0.4,1.0,M,"(3, 8)",3,4
59989188.0,0.4074074074074074,0.9259259259259259,M,"(1, 2)",1,5
59998127.0,0.45454545454545453,0.45454545454545453,F,"(3, 8)",2,5
60007334.0,0.0,0.0,F,"(1, 2)",3,4
60012661.0,0.375,0.90625,M,"(3, 8)",3,5
60017117.0,0.15384615384615385,0.8076923076923077,M,"(1, 2)",1,4
60573496.0,0.6153846153846154,0.8461538461538461,M,"(1, 2)",2,4
60922670.0,0.4444444444444444,0.7777777777777778,M,"(1, 2)",2,5
61416621.0,0.2777777777777778,0.6666666666666666,M,"(1, 2)",1,4
62735475.0,0.5714285714285714,0.7142857142857143,M,"(1, 2)",1,5
62768564.0,0.6551724137931034,0.9655172413793104,F,"(3, 8)",2,4
62813306.0,0.6086956521739131,0.9130434782608695,M,"(3, 8)",2,4
62874679.0,0.5555555555555556,0.8888888888888888,F,"(3, 8)",1,5
63151674.0,0.45454545454545453,0.7272727272727273,F,"(1, 2)",2,5
63397481.0,0.6363636363636364,0.9545454545454546,M,"(3, 8)",1,4
65720584.0,0.25806451612903225,0.7419354838709677,M,"(1, 2)",1,5
66104531.0,0.35714285714285715,0.9285714285714286,F,"(3, 8)",1,4
66630660.0,0.45454545454545453,0.9090909090909091,F,"(3, 8)",3,4
66695274.0,0.3888888888888889,0.7777777777777778,M,"(3, 8)",1,4
66761145.0,0.0,0.0,F,"(3, 8)",1,5
66775915.0,0.3333333333333333,0.6666666666666666,M,"(3, 8)",1,5
66871006.0,0.47368421052631576,0.7894736842105263,F,"(3, 8)",1,4
66881061.0,0.46511627906976744,0.8372093023255814,M,"(1, 2)",2,4
66889077.0,0.0,0.0,M,"(1, 2)",1,4
66898004.0,0.5,0.9375,F,"(3, 8)",2,4
66964628.0,0.46153846153846156,0.7692307692307693,F,"(3, 8)",1,5
66979231.0,0.16666666666666666,0.8333333333333334,F,"(1, 2)",2,4
67059108.0,0.28125,0.875,F,"(3, 8)",3,5
67108875.0,0.25,0.6666666666666666,M,"(3, 8)",1,5
67146581.0,0.3333333333333333,0.3333333333333333,M,"(1, 2)",1,5
67321986.0,0.6666666666666666,1.0,F,"(1, 2)",2,4
69159403.0,0.43478260869565216,0.8695652173913043,F,"(3, 8)",1,5
69219956.0,0.5,0.625,F,"(3, 8)",2,5
69474696.0,0.225,0.875,F,"(1, 2)",2,4
69726411.0,0.0,0.0,F,"(1, 2)",2,5
70799511.0,0.5,0.9166666666666666,F,"(1, 2)",1,5
71229353.0,0.8,1.0,M,"(1, 2)",3,5
71475037.0,0.5882352941176471,0.7647058823529411,F,"(3, 8)",1,4
71493852.0,0.0,0.0,M,"(1, 2)",2,4
71501592.0,0.0,0.0,M,"(1, 2)",1,5
71506017.0,0.0,0.0,F,"(1, 2)",1,5
71524187.0,0.0,0.7777777777777778,F,"(3, 8)",1,4
71543400.0,0.5555555555555556,0.6666666666666666,F,"(3, 8)",3,4
71561002.0,0.0,0.0,M,"(3, 8)",2,5
72941082.0,0.5384615384615384,0.7307692307692307,F,"(3, 8)",2,4
72974206.0,0.6666666666666666,0.8333333333333334,M,"(3, 8)",2,4
75691228.0,0.5555555555555556,0.8444444444444444,F,"(3, 8)",3,4
75936022.0,0.03571428571428571,0.7142857142857143,F,"(1, 2)",1,5
75985833.0,0.4074074074074074,1.0,F,"(3, 8)",1,5
76016359.0,0.2777777777777778,0.6666666666666666,F,"(3, 8)",3,4
76415707.0,0.0,0.42857142857142855,M,"(1, 2)",3,5
77579570.0,0.7142857142857143,0.8571428571428571,F,"(3, 8)",1,4
77675855.0,0.3,0.75,M,"(3, 8)",1,4
77826003.0,0.6,0.9,M,"(1, 2)",2,5
77836267.0,0.5,0.5,M,"(3, 8)",1,5
78120804.0,0.59375,0.90625,F,"(3, 8)",3,5
78142110.0,0.3333333333333333,0.5333333333333333,F,"(3, 8)",2,4
78590280.0,0.5,0.6470588235294118,M,"(3, 8)",2,4
79540099.0,0.5,0.6666666666666666,F,"(1, 2)",1,5
79547988.0,0.76,1.0,F,"(3, 8)",1,5
79553779.0,0.38461538461538464,0.8461538461538461,F,"(1, 2)",2,4
79565264.0,0.7209302325581395,0.9302325581395349,M,"(1, 2)",3,4
79579977.0,0.45454545454545453,0.8636363636363636,F,"(1, 2)",2,4
79600241.0,0.7727272727272727,0.9545454545454546,F,"(1, 2)",1,4
79616479.0,0.55,0.75,M,"(1, 2)",1,4
79624842.0,0.14285714285714285,0.8571428571428571,F,"(3, 8)",1,4
79628652.0,0.3333333333333333,0.7333333333333333,M,"(1, 2)",1,4
79638979.0,0.25,0.5625,M,"(3, 8)",1,5
79640490.0,0.6071428571428571,1.0,F,"(1, 2)",3,5
79644159.0,0.0,0.2,F,"(3, 8)",3,4
79644549.0,0.0,0.75,M,"(1, 2)",1,5
79645625.0,0.0,0.0,F,"(1, 2)",3,4
79651680.0,0.05555555555555555,0.4444444444444444,M,"(3, 8)",2,5
80165689.0,0.75,0.75,F,"(1, 2)",1,5
80171891.0,0.631578947368421,0.9736842105263158,F,"(3, 8)",2,4
80175572.0,0.5238095238095238,0.7142857142857143,F,"(1, 2)",1,5
80186376.0,0.26666666666666666,0.8666666666666667,F,"(1, 2)",1,4
80194920.0,0.0,0.2,M,"(3, 8)",1,5
80202170.0,0.3,0.9,M,"(1, 2)",1,5
80202552.0,0.475,0.825,F,"(3, 8)",1,4
80220912.0,0.0,0.0,M,"(3, 8)",3,5
80232412.0,0.0,1.0,M,"(1, 2)",1,5
80239063.0,0.75,0.9642857142857143,F,"(1, 2)",1,5
80239180.0,0.625,0.9583333333333334,F,"(1, 2)",2,4
80249066.0,0.3333333333333333,1.0,M,"(1, 2)",3,5
80323953.0,0.25,0.25,F,"(3, 8)",3,4
80328203.0,0.21739130434782608,0.8695652173913043,F,"(3, 8)",2,5
80328404.0,0.5,1.0,F,"(1, 2)",1,5
80339337.0,0.14285714285714285,0.5714285714285714,M,"(1, 2)",2,5
80354647.0,0.5757575757575758,0.9393939393939394,F,"(3, 8)",1,4
80356295.0,0.0,0.8,M,"(1, 2)",2,4
80357713.0,0.42857142857142855,0.7142857142857143,M,"(1, 2)",3,5
80360482.0,0.17857142857142858,0.7142857142857143,F,"(3, 8)",1,4
80362603.0,0.5862068965517241,0.7931034482758621,F,"(3, 8)",2,4
80378375.0,0.3333333333333333,0.5555555555555556,F,"(3, 8)",2,5
80387642.0,0.3076923076923077,0.6153846153846154,F,"(1, 2)",1,5
80463017.0,0.7142857142857143,0.8571428571428571,M,"(1, 2)",1,5
80704590.0,0.3333333333333333,0.7083333333333334,F,"(1, 2)",1,5
81548965.0,0.2857142857142857,0.8095238095238095,F,"(1, 2)",2,4
81590621.0,0.3888888888888889,0.8888888888888888,F,"(1, 2)",1,5
81622416.0,0.15384615384615385,1.0,F,"(3, 8)",2,4
81656321.0,0.2857142857142857,0.2857142857142857,M,"(3, 8)",2,5
81667387.0,0.0,0.25,F,"(1, 2)",3,4
82605528.0,0.4489795918367347,0.8367346938775511,M,"(3, 8)",2,4
82786308.0,0.14285714285714285,0.8571428571428571,F,"(1, 2)",1,5
82993917.0,0.2894736842105263,0.868421052631579,F,"(3, 8)",2,4
82995451.0,0.0,0.3333333333333333,F,"(1, 2)",2,5
83019383.0,0.4864864864864865,0.8648648648648649,F,"(1, 2)",3,5
83130588.0,0.34615384615384615,0.5384615384615384,M,"(1, 2)",3,5
83282531.0,0.0,0.0,M,"(1, 2)",2,5
83300633.0,0.42424242424242425,0.7878787878787878,M,"(1, 2)",1,5
83338190.0,0.6857142857142857,0.9142857142857143,F,"(3, 8)",1,4
83346120.0,0.5,0.5,M,"(1, 2)",3,5
83349149.0,0.0,0.6,F,"(3, 8)",3,5
83358751.0,0.7368421052631579,0.8947368421052632,F,"(3, 8)",2,5
83364178.0,0.3333333333333333,0.5,M,"(1, 2)",3,5
83364844.0,0.5416666666666666,0.7916666666666666,F,"(1, 2)",1,5
83364884.0,0.391304347826087,0.6086956521739131,F,"(3, 8)",2,4
83365219.0,0.3333333333333333,0.8333333333333334,M,"(3, 8)",2,5
83372832.0,0.0,0.0,M,"(1, 2)",2,5
83378863.0,0.6666666666666666,0.9259259259259259,F,"(1, 2)",1,5
83380901.0,0.0,0.2727272727272727,M,"(1, 2)",3,5
83382861.0,0.5,0.9,M,"(3, 8)",1,4
83384197.0,0.07692307692307693,0.5384615384615384,F,"(1, 2)",1,5
83393777.0,0.0,0.0,F,"(3, 8)",1,5
83395000.0,0.5714285714285714,0.8571428571428571,F,"(3, 8)",1,4
83400043.0,0.68,0.8,M,"(1, 2)",1,5
83400941.0,0.2,0.8,F,"(1, 2)",1,5
83401156.0,0.5,0.7777777777777778,F,"(3, 8)",2,4
83401618.0,0.3333333333333333,0.7948717948717948,F,"(1, 2)",3,5
83401731.0,0.45454545454545453,0.9090909090909091,F,"(1, 2)",1,5
83408558.0,0.2857142857142857,0.7142857142857143,M,"(3, 8)",3,5
83413734.0,0.0,0.0,M,"(3, 8)",3,5
83414622.0,0.3333333333333333,0.6111111111111112,F,"(1, 2)",1,4
83425959.0,0.5882352941176471,0.8235294117647058,F,"(1, 2)",1,5
83428501.0,0.6,0.8,M,"(1, 2)",2,5
83434713.0,0.8571428571428571,0.8571428571428571,M,"(1, 2)",3,5
83436203.0,0.0,0.2,M,"(3, 8)",2,5
83446050.0,0.0,0.0,M,"(1, 2)",1,5
83461166.0,0.5714285714285714,0.8928571428571429,M,"(3, 8)",1,4
83461665.0,0.0,0.0,F,"(3, 8)",2,4
83462435.0,0.4375,0.8125,M,"(1, 2)",3,5
83465494.0,0.0,0.0,M,"(3, 8)",3,5
83490935.0,0.25,0.5,M,"(3, 8)",1,5
83513598.0,0.0,0.7777777777777778,F,"(1, 2)",2,5
83518781.0,0.6666666666666666,1.0,F,"(3, 8)",1,4
83521436.0,0.1111111111111111,0.6296296296296297,M,"(1, 2)",2,5
83522448.0,0.4666666666666667,0.8,F,"(3, 8)",1,5
83526677.0,0.35294117647058826,0.9411764705882353,M,"(3, 8)",1,4
83530334.0,0.0,0.375,M,"(3, 8)",3,5
83535649.0,0.08333333333333333,1.0,F,"(3, 8)",3,5
83559746.0,0.4375,0.9375,M,"(1, 2)",2,5
83563372.0,0.11538461538461539,0.7692307692307693,F,"(1, 2)",2,4
83576584.0,0.3888888888888889,0.7222222222222222,M,"(3, 8)",2,5
83578799.0,0.5454545454545454,0.8181818181818182,M,"(1, 2)",1,5
83594599.0,0.45,0.75,M,"(1, 2)",1,5
83594729.0,0.32,0.8,F,"(1, 2)",2,4
83597079.0,0.4,1.0,F,"(1, 2)",1,5
83630572.0,0.34615384615384615,0.6153846153846154,M,"(3, 8)",1,4
83655957.0,0.5,1.0,F,"(3, 8)",3,5
83664384.0,0.3,0.7,M,"(1, 2)",2,4
83665040.0,0.3103448275862069,0.5517241379310345,M,"(1, 2)",2,4
83679888.0,0.0,0.0,M,"(3, 8)",1,5
83685018.0,0.1875,0.9375,F,"(1, 2)",2,5
83690941.0,0.45,0.95,F,"(1, 2)",1,4
83700631.0,0.0,0.0,M,"(3, 8)",2,4
83704924.0,0.43478260869565216,0.6086956521739131,F,"(3, 8)",1,5
83706532.0,0.4,0.6,F,"(3, 8)",1,4
83709440.0,0.7058823529411765,0.8823529411764706,F,"(1, 2)",2,5
83719657.0,0.8,0.9333333333333333,M,"(1, 2)",3,5
83724551.0,0.7547169811320755,0.9811320754716981,M,"(3, 8)",3,4
83727639.0,0.7,0.9,M,"(3, 8)",3,5
83731716.0,0.2553191489361702,0.7872340425531915,M,"(1, 2)",2,5
83738363.0,0.0,1.0,F,"(1, 2)",2,5
83738446.0,0.07142857142857142,0.8571428571428571,F,"(3, 8)",1,5
83753913.0,0.6744186046511628,0.9302325581395349,M,"(1, 2)",2,4
83765317.0,0.0,0.0,F,"(3, 8)",2,4
83771436.0,0.3076923076923077,0.7692307692307693,F,"(1, 2)",1,4
83771885.0,0.5384615384615384,0.9230769230769231,F,"(3, 8)",1,4
83775304.0,0.0,0.76,F,"(1, 2)",1,5
83792313.0,0.25,0.75,M,"(3, 8)",3,4
83794224.0,0.3333333333333333,0.8518518518518519,F,"(1, 2)",1,4
84465474.0,0.125,0.625,F,"(3, 8)",3,4
84500782.0,0.3333333333333333,1.0,M,"(3, 8)",2,4
84682115.0,0.35714285714285715,0.7857142857142857,F,"(1, 2)",1,5
84760514.0,0.4583333333333333,0.8333333333333334,F,"(3, 8)",3,4
84818244.0,0.0,0.0,F,"(3, 8)",3,5
85304894.0,0.4583333333333333,0.7916666666666666,F,"(1, 2)",1,5
86203769.0,0.26666666666666666,0.7666666666666667,F,"(1, 2)",1,4
86652832.0,0.625,0.8333333333333334,F,"(1, 2)",2,4
87369444.0,0.6086956521739131,0.8260869565217391,F,"(3, 8)",3,4
87378212.0,0.0,0.4,M,"(1, 2)",1,5
87379555.0,0.20689655172413793,0.7931034482758621,M,"(1, 2)",2,5
87379801.0,0.0,1.0,M,"(1, 2)",1,5
87384647.0,0.36363636363636365,0.5454545454545454,M,"(1, 2)",3,5
87386240.0,0.6923076923076923,0.8461538461538461,M,"(1, 2)",2,5
87408632.0,0.0,0.0,M,"(3, 8)",3,5
87415946.0,0.0,0.6666666666666666,M,"(3, 8)",2,5
87419772.0,0.4,0.9,M,"(3, 8)",3,5
87422715.0,0.3333333333333333,0.9583333333333334,F,"(1, 2)",1,5
87456189.0,0.6428571428571429,0.7857142857142857,F,"(1, 2)",1,5
87462021.0,0.46153846153846156,0.9230769230769231,M,"(1, 2)",1,5
87467539.0,0.46153846153846156,0.7692307692307693,F,"(3, 8)",3,4
87471347.0,0.0,0.0,F,"(3, 8)",3,4
87471817.0,0.6086956521739131,0.9130434782608695,F,"(1, 2)",2,4
87479340.0,0.5641025641025641,0.8974358974358975,F,"(1, 2)",2,5
87492114.0,0.2,0.8,F,"(1, 2)",3,5
87494218.0,0.0,1.0,F,"(3, 8)",2,4
87494793.0,0.08333333333333333,0.5,F,"(1, 2)",1,5
87494794.0,0.8181818181818182,1.0,F,"(1, 2)",1,5
87495170.0,0.5862068965517241,0.8275862068965517,M,"(1, 2)",2,5
87499587.0,0.5555555555555556,0.8055555555555556,F,"(3, 8)",1,4
87516024.0,0.29411764705882354,0.7058823529411765,M,"(3, 8)",1,5
87531333.0,0.14285714285714285,0.14285714285714285,F,"(3, 8)",3,4
87555786.0,0.4,1.0,F,"(1, 2)",1,5
87560910.0,0.24074074074074073,0.7962962962962963,F,"(1, 2)",1,4
87569905.0,0.07692307692307693,0.8461538461538461,F,"(3, 8)",1,5
87589339.0,0.0,0.0,M,"(3, 8)",3,5
87606784.0,0.0,0.0,M,"(3, 8)",3,4
87610270.0,0.4,0.8,M,"(3, 8)",2,5
87611427.0,0.3888888888888889,0.6111111111111112,M,"(1, 2)",1,5
87614604.0,0.5,0.95,M,"(1, 2)",1,5
87614759.0,0.0,0.75,M,"(1, 2)",1,5
87618018.0,0.0,0.0,M,"(1, 2)",1,5
87629398.0,0.2857142857142857,0.6428571428571429,F,"(3, 8)",3,5
87630657.0,0.18181818181818182,0.6363636363636364,M,"(3, 8)",1,5
87643671.0,0.0,1.0,F,"(3, 8)",1,4
87647076.0,0.1,0.7,F,"(1, 2)",1,4
87649758.0,0.15789473684210525,0.631578947368421,M,"(3, 8)",1,5
87651017.0,0.0,0.3333333333333333,F,"(3, 8)",3,5
87677276.0,0.3125,0.75,M,"(1, 2)",3,5
87679585.0,0.0,0.0,M,"(3, 8)",2,5
87715510.0,0.5428571428571428,0.7714285714285715,F,"(1, 2)",3,4
87715856.0,0.25,0.5,M,"(3, 8)",3,5
88093667.0,0.52,0.76,F,"(3, 8)",1,5
89428149.0,0.5,0.6666666666666666,F,"(1, 2)",1,4
89937892.0,0.1875,0.8125,F,"(1, 2)",1,5
91325472.0,0.47058823529411764,0.7058823529411765,F,"(3, 8)",1,5
91371247.0,0.6176470588235294,0.8529411764705882,M,"(3, 8)",3,4
92115857.0,0.14285714285714285,0.5,F,"(1, 2)",1,4
92194517.0,0.5294117647058824,0.8823529411764706,F,"(1, 2)",1,5
92226870.0,0.25,0.0,F,"(1, 2)",1,4
92286365.0,0.59375,0.90625,F,"(3, 8)",2,4
92297638.0,0.5227272727272727,0.7954545454545454,F,"(3, 8)",1,4
92959381.0,0.0,0.14285714285714285,F,"(3, 8)",1,5
93879272.0,0.3333333333333333,0.6666666666666666,F,"(3, 8)",3,4
94050482.0,0.3888888888888889,0.9444444444444444,F,"(1, 2)",1,5
94173326.0,0.14285714285714285,0.2857142857142857,M,"(3, 8)",3,5
94197152.0,0.2692307692307692,0.8461538461538461,M,"(1, 2)",2,4
94365211.0,0.6111111111111112,0.8888888888888888,F,"(3, 8)",2,4
94452889.0,0.38461538461538464,0.6153846153846154,F,"(3, 8)",3,5
99619210.0,0.08695652173913043,0.6086956521739131,F,"(1, 2)",2,4
99790629.0,0.16666666666666666,0.7777777777777778,F,"(1, 2)",2,4
99922113.0,0.4411764705882353,0.7352941176470589,F,"(1, 2)",3,4
100184276.0,0.55,0.9,M,"(1, 2)",1,4
100225690.0,0.5,0.6333333333333333,F,"(1, 2)",3,4
100226549.0,0.6851851851851852,0.9259259259259259,F,"(1, 2)",3,4
100545759.0,0.2631578947368421,0.5789473684210527,F,"(1, 2)",2,4
102457504.0,0.0,0.0,F,"(3, 8)",3,5
102693642.0,0.0,0.0,M,"(1, 2)",3,5
102752599.0,0.0,0.0,F,"(3, 8)",1,5
102809096.0,0.47368421052631576,0.8947368421052632,M,"(3, 8)",3,5
102941524.0,0.4,0.75,M,"(3, 8)",2,5
102967863.0,0.05263157894736842,0.2631578947368421,F,"(3, 8)",1,5
103130132.0,0.7,0.9666666666666667,F,"(3, 8)",2,4
103133585.0,0.5925925925925926,0.7777777777777778,M,"(1, 2)",1,5
103134579.0,0.5,0.7941176470588235,F,"(1, 2)",1,4
103454720.0,0.4782608695652174,0.782608695652174,F,"(3, 8)",1,5
103497762.0,0.4642857142857143,0.7857142857142857,F,"(1, 2)",1,5
104564558.0,0.6,0.9,F,"(1, 2)",1,4
104665451.0,0.42857142857142855,0.7857142857142857,M,"(3, 8)",2,4
107680813.0,0.4444444444444444,0.7777777777777778,F,"(3, 8)",1,5
108200318.0,0.7333333333333333,0.9666666666666667,M,"(3, 8)",1,5
108243612.0,0.0,0.0,F,"(3, 8)",1,5
110708204.0,1.0,1.0,M,"(1, 2)",1,5
112467482.0,0.5,0.625,M,"(1, 2)",1,4
125228790.0,0.5,1.0,M,"(3, 8)",1,5
128398028.0,0.0,0.0,F,"(1, 2)",3,4
129693269.0,0.1111111111111111,0.8888888888888888,F,"(3, 8)",2,5
130366108.0,0.21739130434782608,0.9565217391304348,M,"(3, 8)",1,4
